currency,year,amortization_of_deferred_charges,total_assets,common_equity,cogs,depreciation_depletion_amortization,ebit,income_before_extraordinary_items,income_before_extraordinary_items_cashflow,total_interest_income,operating_income_before_depreciation,revenues,total_interest_expense,interest_expense_long_term_debt,staff_expense,expense_non_interest_bank,operating_expense,pension_and_retirement_expense,research_and_development_expense,rental_expense,company_name,country,ROE,ROA,cost_to_income_interest,cost_to_income,EBIT_Margin,net_interest_margin
JPY,2000,,67392974,1837152,,1647508,550360,83469,,1328056,846771,2689714,674508,135188,,1741738,,,,,SUMITOMO MITSUI FINANCIAL GR,JPN,4.543391075,0.123854157,50.78912335,131.1494395,20.46165503,
JPY,2001,,108005001,2912620,,2064528,-224513,-463887,,2176685,182711,3617046,726901,192152,,3494483,,,,,SUMITOMO MITSUI FINANCIAL GR,JPN,-15.92679443,-0.429505112,33.39486421,160.5415115,-6.20708169,
JPY,2002,,104607449,2424075,,2120842,-333459,-465359,,1816908,78688,2943213,417404,150887,,3116723,,,,,SUMITOMO MITSUI FINANCIAL GR,JPN,-19.19738457,-0.444862201,22.9733151,171.5399459,-11.32976105,1.97
JPY,2003,,102215172,3070942,,2115491,606982,330414,,1591338,1021457,3613640,310267,126809,,2898479,,,,,SUMITOMO MITSUI FINANCIAL GR,JPN,10.7593696,0.323253382,19.49724069,182.1410034,16.79696926,
JPY,2004,,99731858,2775728,,2085577,106639,-234201,,1521728,541553,3278086,350385,129100,,3036236,,,,,SUMITOMO MITSUI FINANCIAL GR,JPN,-8.437462172,-0.23483068,23.02546841,199.5255394,3.25308732,
JPY,2005,,107010575,4454399,,2111358,1264830,686841,,1662600,1690642,3765136,500993,128886,,2220781,,,,,SUMITOMO MITSUI FINANCIAL GR,JPN,15.41938654,0.641844042,30.13310478,133.5727776,33.59320885,
JPY,2006,,100858309,3923001,,2147386,1116712,441351,,1979069,1535838,3890937,810476,160559,,2273671,,,,,SUMITOMO MITSUI FINANCIAL GR,JPN,11.25034126,0.437595082,40.95238721,114.8858883,28.70033619,
JPY,2007,,111955918,3578371,,2914821,1317229,461536,,2145451,1814870,4658501,935067,173845,,2794479,,,,,SUMITOMO MITSUI FINANCIAL GR,JPN,12.89793596,0.412247971,43.58370338,130.2513551,28.27581233,
JPY,2008,,119637224,2469856,,616324,404031,-373456,,2087348,535444,3345906,748894,181827,,2567517,,,,,SUMITOMO MITSUI FINANCIAL GR,JPN,-15.12055764,-0.312157026,35.87777409,123.0037828,12.07538407,
JPY,2009,,123159513,4951405,,671298,692969,271559,,1695805,848463,3098481,314893,119214,,2225491,,,,,SUMITOMO MITSUI FINANCIAL GR,JPN,5.484483697,0.220493727,18.56893924,131.2350771,22.36479746,
JPY,2010,,137803098,5094756,,717073,982837,475895,,1612599,1160042,3732820,294947,120949,,2610560,,,,,SUMITOMO MITSUI FINANCIAL GR,JPN,9.340879131,0.345344195,18.29016389,161.8852548,26.32961139,
JPY,2011,,143040672,5211093,,750082,1108713,518536,,1631592,1295507,3919140,290223,133031,,2675951,,,,,SUMITOMO MITSUI FINANCIAL GR,JPN,9.950618805,0.362509483,17.78771899,164.0085879,28.28970131,
JPY,2012,,148696800,6346458,,857513,1241107,794059,,1707513,1450836,4217200,314876,150586,,2838291,,,,,SUMITOMO MITSUI FINANCIAL GR,JPN,12.51184519,0.534012164,18.44062095,166.2236832,29.42964526,
JPY,2013,,161534387,7280978,,884257,1599394,835357,,1805015,1829848,4613301,320846,141441,,2869761,,,,,SUMITOMO MITSUI FINANCIAL GR,JPN,11.47314276,0.517138806,17.77525395,158.9882079,34.66918807,
JPY,2014,,183442585,9024533,,944545,1525855,753610,,1891932,1774571,4781563,386753,163837,,3085433,,,,,SUMITOMO MITSUI FINANCIAL GR,JPN,8.350681415,0.410815188,20.4422252,163.0837155,31.91121815,
JPY,2015,,186585842,8916647,,977479,1235603,646687,,1868313,1501621,4766982,445385,194372,,3341427,,,,,SUMITOMO MITSUI FINANCIAL GR,JPN,7.252580482,0.346589534,23.83888567,178.8472809,25.92002655,
JPY,2016,,197791611,9735022,,1129612,1276263,706519,,1912027,1580523,5091833,553394,221683,,3559134,,,,,SUMITOMO MITSUI FINANCIAL GR,JPN,7.257497723,0.357203724,28.94279213,186.1445471,25.06490295,
JPY,2017,,199049128,10393288,,1089903,1514371,734368,,2165788,1821131,5708869,775560,316264,,3824459,,,,,SUMITOMO MITSUI FINANCIAL GR,JPN,7.065790922,0.368938064,35.80959909,176.5851044,26.52663776,
USD,2000,0,673814,45570,,4022,33798,6628,,37746,35389,49188,24023,,,16284,,464,,,HSBC HLDGS PLC,GBR,14.54465657,0.983654243,63.64382981,43.14099507,68.71188095,2.66
USD,2001,0,695877,45979,,4911,28536,5406,,35261,30469,47312,20536,,,18727,,611,,,HSBC HLDGS PLC,GBR,11.75754149,0.776861428,58.23998185,53.10966791,60.31450795,2.54
USD,2002,0,759246,52406,,5567,22785,6239,,28595,24829,40275,13135,,,18550,,612,,,HSBC HLDGS PLC,GBR,11.90512537,0.821736302,45.93460395,64.87148103,56.5735568,2.55
USD,2003,0,1034216,74473,,6825,27292,8774,,39968,30139,56888,14370,,,30791,,868,,,HSBC HLDGS PLC,GBR,11.781451,0.8483721,35.95376301,77.03913131,47.97496836,3.29
USD,2004,0,1276778,86623,,8097,36787,11840,,50203,40293,71838,19179,,,36830,,916,,,HSBC HLDGS PLC,GBR,13.66842525,0.927334274,38.20289624,73.36214967,51.20827417,3.22
USD,2005,0,1501970,92432,,7725,49726,15081,,60094,51912,90071,28760,,,40345,,1065,,,HSBC HLDGS PLC,GBR,16.31577809,1.004081307,47.85835524,67.13648617,55.20755848,3.14
USD,2006,0,1860758,108352,,9042,63479,15789,,78482,65709,116207,41393,,,52728,,1120,,,HSBC HLDGS PLC,GBR,14.57195068,0.848525171,52.74203002,67.18483219,54.62579707,3.1
USD,2007,,2354266,128160,,10312,78776,19133,,92683,81170,135040,54564,,,56264,,,,,HSBC HLDGS PLC,GBR,14.92899501,0.812694912,58.87163773,60.70584681,58.33530806,2.91
USD,2008,,2527465,93591,,9628,65748,5728,,91573,68208,129176,48738,,,63428,,,,,HSBC HLDGS PLC,GBR,6.120246605,0.22663024,53.22311162,69.26495801,50.89799963,2.9
USD,2009,,2364452,126166,,11363,28064,5834,,62222,30508,89352,21366,,,61288,,,,,HSBC HLDGS PLC,GBR,4.624066706,0.246737933,34.33833692,98.49892321,31.40836243,2.94
USD,2010,,2454689,141816,,10690,38081,13159,,58457,40825,89575,18904,,,51494,,,,,HSBC HLDGS PLC,GBR,9.278924804,0.536076057,32.33829995,88.08868057,42.51297795,2.68
USD,2011,,2555579,152874,,9994,44541,16797,,63154,47232,97769,22343,,,53228,,,,,HSBC HLDGS PLC,GBR,10.98747989,0.657267883,35.37859835,84.28286411,45.55738527,2.51
USD,2012,,2692538,169391,,10610,39762,14027,,56923,42138,90845,19030,,,51083,,,,,HSBC HLDGS PLC,GBR,8.280841367,0.520958293,33.43112626,89.74052668,43.76905719,2.32
USD,2013,,2671318,176020,,11080,37869,16204,,51514,40156,82231,15653,,,44362,,,,,HSBC HLDGS PLC,GBR,9.205772071,0.606591952,30.38591451,86.11639554,46.05197553,2.13
USD,2014,,2634139,178915,,11299,34875,13688,,51266,37061,79910,16250,,,45035,,,,,HSBC HLDGS PLC,GBR,7.650560322,0.519638485,31.69742129,87.84574572,43.6428482,1.94
USD,2015,,2409656,173348,,,33598,13522,,47312,35645,76953,14658,,,43355,,,,,HSBC HLDGS PLC,GBR,7.800493804,0.561158937,30.98156916,91.63637132,43.6604161,1.88
USD,2016,,2374986,158276,,,22949,2479,,42509,24921,62917,12601,,,39968,,,,,HSBC HLDGS PLC,GBR,1.566251358,0.104379563,29.6431344,94.02244231,36.47503854,1.73
USD,2017,,2521771,168000,,,29938,10798,,41101,31800,66591,12819,,,36653,,,,,HSBC HLDGS PLC,GBR,6.427380952,0.42819114,31.18902216,89.17787888,44.95802736,1.63
EUR,2000,0,694037,21351,,3506,12220,4124,,39780,12748,64365,35824,5507,,,,1349,,,BNP PARIBAS,FRA,19.31525455,0.594204632,90.05530417,0,18.98547347,
EUR,2001,0,825296,24602,,3857,11616,4018,,39303,12193,62823,35327,5058,,,,1345,,,BNP PARIBAS,FRA,16.33200553,0.486855625,89.88372389,0,18.49004346,
EUR,2002,0,710319,26431,,4387,10551,3295,,31606,11169,53777,26222,5310,,,,1442,,,BNP PARIBAS,FRA,12.466422,0.463876089,82.96525976,0,19.61991186,
EUR,2003,0,783076,28241,,3693,10268,3761,,27186,11026,50351,20663,3936,,,,400,,,BNP PARIBAS,FRA,13.31751709,0.480285438,76.00603252,0,20.39284225,
EUR,2004,0,905938,30187,,4086,11547,4668,,28332,12302,55332,22213,3957,,,,292,,,BNP PARIBAS,FRA,15.46361016,0.515267049,78.40251306,0,20.86857515,
EUR,2005,0,1258079,38294,,6525,21473,5852,,32087,22215,69190,24354,3535,,,,1662,,,BNP PARIBAS,FRA,15.28176738,0.465153619,75.89989715,0,31.03483162,
EUR,2006,0,1440343,45065,,6508,31218,7308,,44582,32146,87190,35458,5634,,,,2336,,,BNP PARIBAS,FRA,16.21657606,0.507379145,79.53434121,0,35.80456474,
EUR,2007,,1694454,47056,,7097,60492,7822,,59141,63177,63208,49433,,,2716,,,,,BNP PARIBAS,FRA,16.62274736,0.461623626,83.5849918,4.592414738,95.70307556,
EUR,2008,,2075551,53228,,7552,49277,3021,,58839,52351,56091,45341,,,6814,,,,,BNP PARIBAS,FRA,5.675584279,0.145551711,77.05943337,11.58075426,87.85188355,
EUR,2009,,2057698,69501,,9498,34364,5832,,46460,37898,44105,25439,,,9741,,,,,BNP PARIBAS,FRA,8.391246169,0.283423515,54.75462764,20.96642273,77.9140687,
EUR,2010,,1998158,74632,,10135,36406,7843,,47388,40145,67745,23328,,,31339,,,,,BNP PARIBAS,FRA,10.50889699,0.392511503,49.22765257,66.13277623,53.73975939,
EUR,2011,,1965283,75370,,10491,32664,6050,,47124,36452,65813,23143,,,33149,,,,,BNP PARIBAS,FRA,8.027066472,0.307843705,49.11085646,70.34419829,49.63153176,
EUR,2012,,1907290,85886,,10739,33590,6553,,44476,37253,64084,22731,,,30494,,,,,BNP PARIBAS,FRA,7.629881471,0.343576488,51.10846299,68.5628204,52.41557955,
EUR,2013,,1800139,87591,,11122,27609,4832,,38955,31099,57789,18359,,,30180,,,,,BNP PARIBAS,FRA,5.516548504,0.268423716,47.12873829,77.47400847,47.77552821,
EUR,2014,,2077759,89410,,11761,27903,157,,38707,31345,58119,18388,,,30216,,,,,BNP PARIBAS,FRA,0.175595571,0.007556218,47.50561914,78.06339939,48.01011717,
EUR,2015,,1994193,96269,,13036,30293,6694,,41381,34057,63351,18828,,,33058,,,,,BNP PARIBAS,FRA,6.953432569,0.335674631,45.49914212,79.88690462,47.81771401,
EUR,2016,,2076959,100665,,13038,29894,7702,,40894,34338,62550,18518,,,32656,,,,,BNP PARIBAS,FRA,7.651120052,0.370830623,45.28292659,79.85523549,47.79216627,
EUR,2017,,1960252,101983,,13862,30530,7759,,40785,35080,63373,19011,,,32843,,,,,BNP PARIBAS,FRA,7.608130767,0.395816456,46.61272527,80.52715459,48.17509034,
EUR,2000,,940033,27509,,3888,42513,4949,,41115,44747,72764,35754,,,,,1149,,,DEUTSCHE BANK AG,DEU,17.99047584,0.526470879,86.96096315,0,58.42586994,
EUR,2001,0,918222,40193,,5399,31392,374,,53639,,74640,45019,9205,,,,649,,,DEUTSCHE BANK AG,DEU,0.930510288,0.040730891,83.92960346,0,42.05787781,0.98
EUR,2002,0,758355,29991,,4866,23408,360,,35781,,55142,28595,6532,,,,793,,,DEUTSCHE BANK AG,DEU,1.200360108,0.047471171,79.91671558,0,42.45040078,0.92
EUR,2003,0,803614,28205,,3908,17997,1214,,27583,18845,43004,21736,3866,,,,626,,,DEUTSCHE BANK AG,DEU,4.304201383,0.151067552,78.80216075,0,41.84959539,0.79
EUR,2004,0,840068,25904,,3764,20162,2472,,28023,20817,47424,22841,3198,,,,496,,,DEUTSCHE BANK AG,DEU,9.542927733,0.294261893,81.50804696,0,42.51433873,0.69
EUR,2005,0,992161,29936,,3824,32324,3529,,41708,32878,61347,35707,3529,,,,450,,,DEUTSCHE BANK AG,DEU,11.7884821,0.35568824,85.61187302,0,52.69043311,0.69
EUR,2006,0,1126230,32808,,3768,41243,5986,,55217,41769,76636,48298,4534,,,,554,,,DEUTSCHE BANK AG,DEU,18.24554987,0.531507774,87.46943876,0,53.81674409,0.71
EUR,2007,,2020349,37044,,2998,67733,6474,,67706,69311,89409,58857,,,21676,,,,,DEUTSCHE BANK AG,DEU,17.47651442,0.320439686,86.93025729,32.0148879,75.75635562,0.72
EUR,2008,,2202423,30703,,3099,37518,-3835,,54549,39922,55845,42096,,,18327,,,,,DEUTSCHE BANK AG,DEU,-12.49063609,-0.174126405,77.17098389,33.59731617,67.1823798,1.02
EUR,2009,,1500664,36647,,3491,21103,4973,,26953,22970,42479,14494,,,21376,,,,,DEUTSCHE BANK AG,DEU,13.57000573,0.33138664,53.77508997,79.30842578,49.67866475,1.42
EUR,2010,,1905630,48843,,,17200,2310,,28779,21386,41278,13196,,,24078,,,,,DEUTSCHE BANK AG,DEU,4.729439224,0.121219754,45.85287884,83.66517252,41.6686855,1.57
EUR,2011,,2164103,53390,,5128,24681,4132,,34878,28211,50661,17433,,,25980,,,,,DEUTSCHE BANK AG,DEU,7.739277018,0.190933611,49.98279718,74.48821607,48.71794872,1.49
EUR,2012,,2012329,54003,,5490,22040,237,,32242,23263,50092,16351,,,28052,,,,,DEUTSCHE BANK AG,DEU,0.438864508,0.011777398,50.71335525,87.00452826,43.99904176,1.28
EUR,2013,,1611400,54719,,5665,15823,666,,25601,18071,42686,10768,,,26863,,,,,DEUTSCHE BANK AG,DEU,1.217127506,0.04133052,42.060857,104.9294949,37.06835965,1.31
EUR,2014,,1708703,72970,,4118,16205,1663,,25001,20430,42714,10729,,,26509,,,,,DEUTSCHE BANK AG,DEU,2.279018775,0.097325281,42.91428343,106.0317587,37.93838086,1.37
EUR,2015,,1629130,67354,,4438,15910,-6794,,25967,18833,43609,10086,,,27699,,,,,DEUTSCHE BANK AG,DEU,-10.087003,-0.417032404,38.84160665,106.6700042,36.48329473,1.54
EUR,2016,,1590546,64502,,4178,14491,-1402,,25636,16778,41024,10929,,,26533,,,,,DEUTSCHE BANK AG,DEU,-2.173576013,-0.088145832,42.63145577,103.4989858,35.32322543,1.42
EUR,2017,,1474732,67849,,4080,13688,-751,,24092,15765,38165,11714,,,24477,,,,,DEUTSCHE BANK AG,DEU,-1.106869666,-0.050924507,48.62194919,101.5980408,35.86532163,1.21
EUR,2000,0,650172,25170,,,14726,11984,,5831,15334,58205,757,,,,,280,,,ING GROEP NV,NLD,47.61223679,1.843204567,12.98233579,0,25.30023194,
EUR,2001,0,705119,21410,,,15980,4577,,24318,16508,92314,19516,6121,,,,446,,,ING GROEP NV,NLD,21.37786081,0.649110292,80.25331031,0,17.31048378,
EUR,2002,0,716370,18150,,,15307,4500,,23986,15809,93741,17730,6172,,,,499,,,ING GROEP NV,NLD,24.79338843,0.628167009,73.9181189,0,16.32903425,
EUR,2003,0,778771,21227,,2487,12991,4043,,23867,13450,84734,16811,3444,,,,694,,,ING GROEP NV,NLD,19.04649739,0.519151329,70.43616709,0,15.33150801,
EUR,2004,0,866201,25762,,409,14836,5968,,25782,15244,84610,17791,3628,,,,454,,,ING GROEP NV,NLD,23.16590327,0.688985582,69.00550772,0,17.53457038,
EUR,2005,0,1158639,36736,,3494,34717,7210,,48176,35995,112057,40078,4037,,,,399,,,ING GROEP NV,NLD,19.62652439,0.622281832,83.1908004,0,30.98155403,
EUR,2006,0,1226307,38266,,4876,42268,7692,,59170,43566,126123,50994,4305,,,,285,,,ING GROEP NV,NLD,20.10139549,0.627249131,86.18218692,0,33.51331637,
EUR,2007,,1312510,37208,,6497,79090,9241,,76749,80701,88649,67773,,,9559,,,,,ING GROEP NV,NLD,24.83605676,0.704070826,88.30473361,12.45488541,89.21702444,
EUR,2008,,1331663,27334,,5170,85418,-729,,97011,87208,96828,85969,,,11410,,,,,ING GROEP NV,NLD,-2.667008122,-0.05474358,88.61778561,11.76155281,88.21621845,
EUR,2009,,1159972,36121,,5540,67074,-1423,,79850,68895,78303,67475,,,11229,,,,,ING GROEP NV,NLD,-3.939536558,-0.122675375,84.50219161,14.06261741,85.65955327,
EUR,2010,,1242844,43370,,5193,60193,2777,,68334,62029,70732,55011,,,10539,,,,,ING GROEP NV,NLD,6.403043579,0.223439144,80.50311704,15.42277636,85.10009614,
EUR,2011,,1273580,45452,,3617,55825,3636,,64649,57583,65953,51200,,,10128,,,,,ING GROEP NV,NLD,7.99964798,0.285494433,79.196894,15.66613559,84.64360984,
EUR,2012,,1162128,51761,,3641,52266,2351,,60002,53250,62224,48119,,,9958,,,,,ING GROEP NV,NLD,4.542029713,0.202301296,80.19566014,16.59611346,83.99652867,
EUR,2013,,1076602,43940,,3406,45978,4343,,51394,46768,67344,39693,,,21366,,,,,ING GROEP NV,NLD,9.883932635,0.403398842,77.2327509,41.57294626,68.27334284,
EUR,2014,,992856,50424,,3033,40411,2657,,48163,41105,51416,35859,,,11005,,,,,ING GROEP NV,NLD,5.269316199,0.267611819,74.4534186,22.84949027,78.59615684,
EUR,2015,,841769,47832,,3237,40124,4466,,46321,40758,50605,33760,,,10481,,,,,ING GROEP NV,NLD,9.336845626,0.530549355,72.88270979,22.62688629,79.28860785,
EUR,2016,,845081,49793,,3194,38136,4210,,44182,38672,48428,30941,,,10292,,,,,ING GROEP NV,NLD,8.455003715,0.498177098,70.03078177,23.29455434,78.74783183,
EUR,2017,,846216,50406,,2982,37522,4905,,43958,38042,47893,30244,,,10371,,,,,ING GROEP NV,NLD,9.730984407,0.579639241,68.80203831,23.59297511,78.34547846,
SGD,2000,0,66324.052,6769.523,,603.724,1185.876,912.895,,3061.507,1260.619,3808.797,1854.945,0,,758.476,,,,,UNITED OVERSEAS BANK LTD,SGP,13.48536669,1.376416206,60.58927842,24.7745963,31.1351852,
SGD,2001,0,113310.33,12653.706,,892.03,1259.891,924.579,,3410.284,1403.816,4140.041,1981.133,50.332,,1016.887,,,,,UNITED OVERSEAS BANK LTD,SGP,7.306784273,0.815970618,58.0929037,29.81824974,30.43184838,2.06
SGD,2002,0,107469.421,12652.638,,969.961,1602.647,1064.2,,3784.36,1912.737,4703.456,1583.358,121.012,,1691.284,,,,,UNITED OVERSEAS BANK LTD,SGP,8.410894234,0.990235167,41.83951844,44.69141414,34.07381721,2.26
SGD,2003,0,113446.399,13282.035,,849.5,1743.141,1202.086,,3336.105,2052.516,4379.21,1223.563,134.813,,1658.524,,,,,UNITED OVERSEAS BANK LTD,SGP,9.050465535,1.059607013,36.67639358,49.71438249,39.80491915,2.25
SGD,2004,0,134878.566,13438.752,,1048.46,2149.28,1451.769,,3704.323,2487.611,4946.441,1506.444,232.415,,1573.22,,,,,UNITED OVERSEAS BANK LTD,SGP,10.8028558,1.076352636,40.66718804,42.46983862,43.45103884,2.1
SGD,2005,0,145073,14097,,1147,3332,1709,,4942,3474,6206,2534,1128,,1598,,,,,UNITED OVERSEAS BANK LTD,SGP,12.12314677,1.178027614,51.27478754,32.33508701,53.68997744,1.99
SGD,2006,,161311.677,15959.084,,1216.155,7623.702,2570.488,,7289.847,7777.984,8490.699,4251.829,,,866.997,,,,,UNITED OVERSEAS BANK LTD,SGP,16.10673896,1.593491586,58.32535306,11.89321257,89.78886191,1.99
SGD,2007,,174950.291,16497.164,,1135.205,7140.333,2109.476,,7424.126,7292.148,8667.204,4390.279,,,1526.871,,,,,UNITED OVERSEAS BANK LTD,SGP,12.78690083,1.205757354,59.13529754,20.56634006,82.38334992,2.04
SGD,2008,,182940.835,13423.922,,1084.067,5764.592,1936.823,,6919.737,5909.244,7864.887,3279.739,,,2100.295,,,,,UNITED OVERSEAS BANK LTD,SGP,14.42814552,1.058715513,47.39687361,30.35223738,73.29529337,2.27
SGD,2009,,185578.377,16837.172,,1123.292,3791.416,1901.679,,5200.911,3939.242,6244.77,1485.392,,,2453.354,,,,,UNITED OVERSEAS BANK LTD,SGP,11.29452737,1.024730915,28.56022724,47.17162051,60.71346102,2.36
SGD,2010,,213778.48,19324.417,,1159.701,4658.356,2695.851,,5072.199,4806.405,6604.759,1461.652,,,1946.403,,,,,UNITED OVERSEAS BANK LTD,SGP,13.95049072,1.26104882,28.8169293,38.37394787,70.5302949,2.09
SGD,2011,,236957.745,20818.137,,1159.153,4770.477,2327.003,,5715.769,4896.574,6948.444,1962.547,,,2177.967,,,,,UNITED OVERSEAS BANK LTD,SGP,11.17776773,0.982032894,34.33565982,38.10453152,68.65532773,1.92
SGD,2012,,252899.513,22930.646,,1214.328,5635.79,2803.088,,6336.491,5764.659,7984.598,2284.623,,,2348.808,,,,,UNITED OVERSEAS BANK LTD,SGP,12.22419988,1.108380149,36.05501846,37.0679608,70.58326543,1.87
SGD,2013,,284229,24210,,,5972,3008,,6561,6102,9300,2388,,,3328,,,,,UNITED OVERSEAS BANK LTD,SGP,12.42461793,1.058301581,36.39689072,50.723975,64.21505376,1.72
SGD,2014,,306736.143,27391.807,,1351.721,6456.465,3249.101,,7237.344,6619.826,9203.875,2631.597,,,2747.41,,,,,UNITED OVERSEAS BANK LTD,SGP,11.86157963,1.05924948,36.36136406,37.96157817,70.14942076,1.71
SGD,2015,,316011.205,28590.863,,1417.158,6768.525,3208.899,,7860.357,6950.037,9815.304,2899.817,,,3046.779,,,,,UNITED OVERSEAS BANK LTD,SGP,11.22351221,1.015438361,36.89167044,38.76133107,68.95889317,1.77
SGD,2016,,340027.633,30778.705,,1563.965,7076.716,3096.289,,8321.147,7298.42,11366.982,3299.797,,,4290.266,,,,,UNITED OVERSEAS BANK LTD,SGP,10.0598417,0.910599228,39.6555547,51.55858922,62.25677141,1.71
SGD,2017,,358592.363,33875.962,,1675.201,7755.25,3390.291,,9099.355,8013.521,12509.919,3548.481,,,4754.669,,,,,UNITED OVERSEAS BANK LTD,SGP,10.0079549,0.945444284,38.99706078,52.25281352,61.99280747,1.77
SGD,2000,0,112516.932,10403.162,,659.08,4532.366,1388.846,,4979.776,4668.362,5712.682,2857.539,,,1299.31,,,,,DBS GROUP HOLDINGS LTD,SGP,13.35022948,1.234344001,57.38288228,26.09173585,79.3386714,
SGD,2001,0,151294.26,13437.566,,760.025,4377.555,999.124,,5271.026,4677.674,6399.462,3014.183,,,2251.732,,,,,DBS GROUP HOLDINGS LTD,SGP,7.435304876,0.660384604,57.18399037,42.71904559,68.40504717,1.87
SGD,2002,0,149375,14360,,547,3209,1017,,4406,3659,5565,1761,,,2663,,60,,,DBS GROUP HOLDINGS LTD,SGP,7.082172702,0.68083682,39.96822515,60.44030867,57.66397125,1.99
SGD,2003,0,159595,14810,,599,2702,1025,,3640,3300,5415,1265,,,2653,,58,,,DBS GROUP HOLDINGS LTD,SGP,6.920999325,0.642250697,34.75274725,72.88461538,49.89843029,1.78
SGD,2004,0,175553,16436,,845,3957,2018,,4083,4544,6317,1445,,,2275,,52,,,DBS GROUP HOLDINGS LTD,SGP,12.2779265,1.149510404,35.39064413,55.71883419,62.64049391,1.79
SGD,2005,0,180204,16658,,756,2028,824,,5639,3304,7388,2599,690,,3508,,5,,,DBS GROUP HOLDINGS LTD,SGP,4.946572218,0.45725955,46.08973222,62.20961163,27.44991879,1.91
SGD,2006,0,197372,18675,,429,3938,2269,,7867,4068,9820,4218,934,,2842,,55,,,DBS GROUP HOLDINGS LTD,SGP,12.14993307,1.14960582,53.61637219,36.1255879,40.10183299,2.2
SGD,2007,,233591,20415,,342,8020,2278,,9090,8146,10147,4982,,,2127,,,,,DBS GROUP HOLDINGS LTD,SGP,11.15846192,0.975208805,54.80748075,23.39933993,79.03813935,2.17
SGD,2008,,256718,19753,,339,6451,1929,,8122,6600,8744,3821,,,2293,,,,,DBS GROUP HOLDINGS LTD,SGP,9.765605225,0.75140816,47.04506279,28.23196257,73.77630375,2.04
SGD,2009,,258644,25126,,655,4172,2041,,6114,4367,7211,1659,,,3039,,,,,DBS GROUP HOLDINGS LTD,SGP,8.123059779,0.789115541,27.13444553,49.70559372,57.85605325,2.02
SGD,2010,,283710,26352,,,4713,1632,,5699,4906,7239,1381,,,2526,,,,,DBS GROUP HOLDINGS LTD,SGP,6.193078324,0.575235275,24.23232146,44.32356554,65.10567758,1.84
SGD,2011,,340847,28545,,,5463,3035,,6555,5648,8188,1730,,,2725,,,,,DBS GROUP HOLDINGS LTD,SGP,10.63233491,0.890428843,26.39206712,41.5713196,66.71958964,1.77
SGD,2012,,353033,31574,,,6943,3809,,7621,7122,9578,2336,,,2635,,,,,DBS GROUP HOLDINGS LTD,SGP,12.06372332,1.078935963,30.65214539,34.57551502,72.48903738,1.7
SGD,2013,,402008,34070,,892,6955,3672,,7986,7169,11644,2417,,,4689,,,,,DBS GROUP HOLDINGS LTD,SGP,10.77781039,0.913414658,30.26546456,58.71525169,59.73033322,1.7
SGD,2014,,440666,37545,,1033,7550,4046,,8948,7770,10731,2627,,,3181,,,,,DBS GROUP HOLDINGS LTD,SGP,10.77640165,0.918155701,29.35851587,35.54984354,70.35690989,1.68
SGD,2015,,457834,40374,,1250,7824,4454,,9644,8075,11473,2544,,,3649,,,,,DBS GROUP HOLDINGS LTD,SGP,11.03185218,0.972841685,26.37909581,37.8369971,68.19489236,1.77
SGD,2016,,481570,44609,,1439,7526,4238,,9748,7801,13932,2443,,,6406,,,,,DBS GROUP HOLDINGS LTD,SGP,9.500325047,0.880038208,25.06155109,65.71604432,54.0195234,1.8
SGD,2017,,517711,47458,,1469,8214,4371,,10833,8511,15316,3042,,,7102,,,,,DBS GROUP HOLDINGS LTD,SGP,9.210249062,0.844293438,28.08086403,65.55894028,53.63019065,1.75
KRW,2000,0,49567605,2731650,,499527,1594257,369069,,3627208,1715538,4575270,2734168,985679,,1372922,,36606,,,SHINHAN FINANCIAL GROUP LTD,KOR,13.51084509,0.744577028,75.37941028,37.85065538,34.84509111,
KRW,2001,0,56329649,3112671,,442083,628373,220763,,1823460,684154,2448037,1243015,265016,,1115705,,29462,,,SHINHAN FINANCIAL GROUP LTD,KOR,7.092397494,0.391912614,68.16793349,61.1861516,25.66844374,2.66
KRW,2002,,64786130,3262607,,487013,3362023,589422,,3735300,3466261,4479001,2305128,,,1116978,,,,,SHINHAN FINANCIAL GROUP LTD,KOR,18.0659822,0.909796588,61.711991,29.90330094,75.06189438,2.58
KRW,2003,,136349331,3395398,,583118,3546619,275318,,5330942,3793635,5856253,2998053,,,2309634,,,,,SHINHAN FINANCIAL GROUP LTD,KOR,8.108563414,0.201921049,56.23870978,43.32506338,60.56123258,2.65
KRW,2004,,143508022,5664719,,776918,6520176,1462411,,7711905,6949011,8491175,4137993,,,2323695,,,,,SHINHAN FINANCIAL GROUP LTD,KOR,25.8161261,1.019044775,53.65720921,30.13127107,76.78767662,2.78
KRW,2005,,155115313,7810784,,879608,6711136,1738768,,7487541,7088486,8807402,4013903,,,2190037,,,,,SHINHAN FINANCIAL GROUP LTD,KOR,22.26112001,1.120951869,53.60775988,29.24908191,76.1988155,2.7
KRW,2006,,177725169,11098606,,1545891,7295844,1832718,,9383974,7662863,10585660,4782167,,,3414128,,,,,SHINHAN FINANCIAL GROUP LTD,KOR,16.51304677,1.031209035,50.96100011,36.382539,68.92195668,2.74
KRW,2007,,220876014,17496326,,1981266,10754127,2396377,,13453513,11456508,15301365,6867606,,,4705522,,,,,SHINHAN FINANCIAL GROUP LTD,KOR,13.69645833,1.084942161,51.04693473,34.97615827,70.2821415,2.3
KRW,2008,,264015287,17122639,,2007903,11859063,2018627,,16680992,12665364,16664858,8865217,,,4956393,,,,,SHINHAN FINANCIAL GROUP LTD,KOR,11.78922828,0.764587166,53.14562227,29.71281924,71.16210051,2.12
KRW,2009,,255018087,20244135,,2101862,9265441,1289851,,13979722,9995488,14078561,7285966,,,5547639,,,,,SHINHAN FINANCIAL GROUP LTD,KOR,6.371479937,0.505788046,52.11810364,39.68347153,65.81241506,1.72
KRW,2010,,266031752,22243278,,2073305,9566807,2383936,,14511753,10341124,15317179,6478056,,,5246235,,,,,SHINHAN FINANCIAL GROUP LTD,KOR,10.71755701,0.896109574,44.64006519,36.15162827,62.45802181,3.5
KRW,2011,,288117481,24122446,,1651865,11013029,3100011,,13989574,11284687,16041771,6700743,,,5042616,,,,,SHINHAN FINANCIAL GROUP LTD,KOR,12.85114702,1.075953805,47.89812041,36.04552933,68.6522018,2.8
KRW,2012,,300848489,26036622,,1694964,10434064,2322732,,14032895,10707532,15584423,6882901,,,5430387,,,,,SHINHAN FINANCIAL GROUP LTD,KOR,8.921019017,0.772060384,49.04833251,38.69755314,66.95187881,2.6
KRW,2013,,311296843,27268618,,1740048,9021606,1902808,,12746031,9317543,14807231,5985159,,,6081812,,,,,SHINHAN FINANCIAL GROUP LTD,KOR,6.978014067,0.611251943,46.95704098,47.71533978,60.9270295,2.36
KRW,2014,,338021804,28910044,,1769328,8420672,2081110,,12236305,8712649,13833794,5270707,,,5636840,,,,,SHINHAN FINANCIAL GROUP LTD,KOR,7.19857085,0.615673301,43.07433494,46.0665209,60.87030066,2.31
KRW,2015,,370539622,30565600,,1781737,7933245,2367171,,11437981,8192471,13591492,4436771,,,5736483,,,,,SHINHAN FINANCIAL GROUP LTD,KOR,7.744559243,0.638844231,38.78980915,50.15293346,58.36919891,2.08
KRW,2016,,395680324,30835643,,1880440,7209008,2774778,,11517925,7457256,13248166,4030936,,,6500829,,,,,SHINHAN FINANCIAL GROUP LTD,KOR,8.998605931,0.701267622,34.99706761,56.44097353,54.41513942,2.05
KRW,2017,,426305656,32545084,,1915588,8044352,2917735,,12055960,8292378,13678447,3955701,,,5998101,,,,,SHINHAN FINANCIAL GROUP LTD,KOR,8.965209615,0.684423244,32.8111656,49.75216407,58.81041905,2.13
CHF,2000,,1087552,44833,,9721,38154,7792,,51745,40429,79887,43615,7731,,26073,,475,,,UBS GROUP AG,CHE,17.38005487,0.716471488,84.28833704,50.38747705,47.75996094,
CHF,2001,0,1253297,43530,,10784,36866,4973,,52277,39803,82726,44236,7816,,31772,,603,,,UBS GROUP AG,CHE,11.42430508,0.396793418,84.61847466,60.77624959,44.5639823,
CHF,2002,0,1181118,38991,,10081,27578,3535,,39963,31559,65890,29417,4587,,31929,,676,,,UBS GROUP AG,CHE,9.066194763,0.299292704,73.6105898,79.89640417,41.85460616,
CHF,2003,0,1386000,35446,,10458,31115,6385,,40159,41913,64209,27860,3043,,28001,,721,,,UBS GROUP AG,CHE,18.01331603,0.460678211,69.37423741,69.72534177,48.45893878,
CHF,2004,0,1734784,34978,,10820,32683,8089,,39398,34999,70729,27538,2834,,,,707,,,UBS GROUP AG,CHE,23.12596489,0.466282834,69.89694908,0,46.20876868,
CHF,2005,0,2060250,44324,,12275,51727,9844,,59286,53554,103110,49758,4926,,,,736,,,UBS GROUP AG,CHE,22.2091869,0.477806091,83.92875215,0,50.16681214,
CHF,2006,0,2396511,49686,,11578,75523,11491,,87401,76939,132231,80880,7545,,,,802,,,UBS GROUP AG,CHE,23.12723906,0.479488723,92.53898697,0,57.11444366,
CHF,2007,,2272579,35585,,7656,122174,-4785,,109112,123709,157293,103775,,,35119,,,,,UBS GROUP AG,CHE,-13.44667697,-0.210553737,95.10869565,32.186194,77.672878,
CHF,2008,,2015098,32800,,7849,69522,-21036,,65890,70956,96485,59687,,,26963,,,,,UBS GROUP AG,CHE,-64.13414634,-1.043919452,90.58582486,40.92123236,72.05472353,
CHF,2009,,1340538,41013,,8081,18716,-2719,,23461,19907,41744,17016,,,23028,,,,,UBS GROUP AG,CHE,-6.629605247,-0.202829013,72.52887771,98.15438387,44.83518589,
CHF,2010,,1317247,46820,,8071,20928,7533,,18872,21951,44718,12657,,,23790,,,,,UBS GROUP AG,CHE,16.08927809,0.571874523,67.0676134,126.0597711,46.79994633,
CHF,2011,,1419162,53446,,7410,16934,4159,,17969,17785,39015,11143,,,22081,,,,,UBS GROUP AG,CHE,7.781686188,0.293060271,62.01235461,122.8838555,43.40381904,
CHF,2012,,1259232,45896,,10524,11609,-2511,,15968,12352,35533,9974,,,23924,,,,,UBS GROUP AG,CHE,-5.471065017,-0.199407258,62.46242485,149.8246493,32.67103819,
CHF,2013,,1009860,48002,,8767,11604,3376,,13137,12432,35327,7351,,,23723,,,,,UBS GROUP AG,CHE,7.03304029,0.334303765,55.95645886,180.5815635,32.84739717,
CHF,2014,,1062478,50608,,9053,9776,3608,,13194,10645,34744,6639,,,24968,,,,,UBS GROUP AG,CHE,7.129307619,0.339583502,50.31832651,189.2375322,28.13723233,
CHF,2015,,942819,55313,,8601,13179,6203,,13177,14181,37165,6445,,,23986,,,,,UBS GROUP AG,CHE,11.2143619,0.657920555,48.91098126,182.0292935,35.46078299,
CHF,2016,,935016,53621,,8053,12921,3204,,13787,13986,35732,7373,,,22811,,,,,UBS GROUP AG,CHE,5.975270883,0.342667933,53.47791398,165.4529629,36.16086421,
CHF,2017,,915642,51214,,8129,14119,1053,,14193,15215,36861,7665,,,22742,,,,,UBS GROUP AG,CHE,2.056078416,0.115001278,54.00549567,160.2339181,38.30335585,
JPY,2001,,99496829,3324447,,633878,317264,-152316,,2224981,407194,2770621,1119850,293564,,1947855,,,,,MITSUBISHI UFJ FINANCIAL GRP,JPN,-4.581694339,-0.153086286,50.33076687,87.54479252,11.45100683,1.27
JPY,2002,,99175319,3046421,,639823,52011,-161495,,1691639,134316,2097475,634520,205713,,1803697,,,,,MITSUBISHI UFJ FINANCIAL GRP,JPN,-5.301138615,-0.162837893,37.50918488,106.6242266,2.479695825,1.21
JPY,2003,,106615487,4295245,,619149,1102296,560815,,1417724,1209342,2703910,390496,149450,,1433511,,,,,MITSUBISHI UFJ FINANCIAL GRP,JPN,13.05664753,0.52601645,27.54386608,101.1135454,40.7667415,1.1
JPY,2004,,110285508,4777827,,611981,864356,338416,,1426668,980215,2467156,419691,136452,,1391990,,,,,MITSUBISHI UFJ FINANCIAL GRP,JPN,7.083052609,0.30685446,29.41756596,97.56930134,35.03450937,0.98
JPY,2005,,187046793,7727837,,1025839,1921569,770719,,2365923,2093419,4516754,884422,284912,,2131235,,,,,MITSUBISHI UFJ FINANCIAL GRP,JPN,9.973282304,0.412046092,37.38168994,90.08048867,42.54314049,1.22
JPY,2006,,187281022,8520266,,1386158,2283445,880997,,3514976,2607657,5970900,1613422,490301,,2848748,,,,,MITSUBISHI UFJ FINANCIAL GRP,JPN,10.34001755,0.470414456,45.90136604,81.04601568,38.24289471,1.38
JPY,2007,,192993179,7883339,,1372174,2019151,636624,,3867924,2370321,5959170,2027879,656831,,2910412,,,,,MITSUBISHI UFJ FINANCIAL GRP,JPN,8.075562906,0.329868653,52.42809838,75.24480833,33.8830911,1.32
JPY,2008,,198733906,6808270,,1090331,884357,-256952,,3448391,1150931,4648207,1473042,539496,,3060104,,,,,MITSUBISHI UFJ FINANCIAL GRP,JPN,-3.774115891,-0.129294495,42.71679169,88.74005297,19.02576628,1.33
JPY,2009,,204106939,9312247,,1092746,911802,388734,,2846622,1208709,4746363,669612,263417,,3480019,,,,,MITSUBISHI UFJ FINANCIAL GRP,JPN,4.174438242,0.190456043,23.52303889,122.2508292,19.21054079,1.32
JPY,2010,,206227081,8956143,,1119317,903828,583079,,2537508,1184797,4348877,517637,240853,,3191679,,,,,MITSUBISHI UFJ FINANCIAL GRP,JPN,6.51038064,0.282736388,20.39942337,125.7800567,20.78302054,1.04
JPY,2011,,218861616,10000964,,1142245,1731878,981331,,2349355,2000612,4573607,508874,251224,,2616609,,,,,MITSUBISHI UFJ FINANCIAL GRP,JPN,9.812364088,0.448379674,21.66015779,111.3756329,37.86678654,1.06
JPY,2012,,234498701,11745503,,1166955,1638171,852623,,2336956,1912799,4477921,520180,212067,,2603952,,,,,MITSUBISHI UFJ FINANCIAL GRP,JPN,7.259144202,0.363593912,22.25887009,111.4249477,36.5832939,0.97
JPY,2013,,258131946,13064794,,1219821,1795560,984845,,2370649,2086436,4787941,492122,195151,,2752789,,,,,MITSUBISHI UFJ FINANCIAL GRP,JPN,7.538159423,0.381527748,20.75895672,116.1196364,37.50171525,0.92
JPY,2014,,286149768,15326212,,1209973,1898604,1033759,,2806238,2216554,5406880,624743,230732,,3167380,,,,,MITSUBISHI UFJ FINANCIAL GRP,JPN,6.745039153,0.361265014,22.26265199,112.8692577,35.11459474,0.94
JPY,2015,,298302898,15466231,,1218922,1813502,951402,,2769248,2128960,5490115,655735,253147,,3335611,,,,,MITSUBISHI UFJ FINANCIAL GRP,JPN,6.15147931,0.318938236,23.67917211,120.45187,33.03213139,0.89
JPY,2016,,303297433,15280675,,1222436,1805323,926440,,2888134,2138471,5590109,863677,304291,,3423204,,,,,MITSUBISHI UFJ FINANCIAL GRP,JPN,6.062821178,0.305455932,29.90432577,118.526495,32.29495167,0.93
JPY,2017,,306937415,16024915,,1258675,2093774,989664,,3094990,2432584,5813270,1188223,409732,,3215670,,,,,MITSUBISHI UFJ FINANCIAL GRP,JPN,6.175783148,0.322431855,38.39182033,103.8992048,36.01714698,0.93
